{"a": 0.08266123245601446, "b": 0.026549180563129646, "c": 0.03266266754685571, "d": 0.042421285267357424, "e": 0.10275250423351798, "f": 0.020493097213053587, "g": 0.0257168278752045, "h": 0.02766855141930484, "i": 0.055624121006859734, "j": 0.0039034470882006833, "k": 0.021583766252403776, "l": 0.0565425791452599, "m": 0.029849889498005225, "n": 0.04500444878160788, "o": 0.06719095318733675, "p": 0.03550414741253121, "q": 0.0015211962917252662, "r": 0.05984328808013547, "s": 0.102781206050343, "t": 0.05616945552653483, "u": 0.03702534370425648, "v": 0.010763181309376884, "w": 0.020780115381303636, "x": 0.0045635888751757985, "y": 0.025975144226629547, "z": 0.004448781607875779}